{"cameraMode":{"drawMode":0,"name":"Shaded","section":"Shading Mode"},"sceneLighting":false,"audioPlay":false,"sceneViewState":{"showFog":true,"showMaterialUpdate":false,"showSkybox":true,"showFlares":true,"showImageEffects":true,"showParticleSystems":true},"in2DMode":false,"pivot":{"x":25.59659767150879,"y":1048.4207763671875,"z":46.91522979736328},"rotation":{"x":0.26911747455596926,"y":-0.35028618574142458,"z":0.10595844686031342,"w":0.890928328037262},"size":4.873126029968262,"orthographic":false}