{"cameraMode":{"drawMode":0,"name":"Shaded","section":"Shading Mode"},"sceneLighting":false,"audioPlay":false,"sceneViewState":{"showFog":true,"showMaterialUpdate":false,"showSkybox":false,"showFlares":true,"showImageEffects":true,"showParticleSystems":true},"in2DMode":false,"pivot":{"x":-1.6863317489624024,"y":-0.6220788955688477,"z":5.808505058288574},"rotation":{"x":-0.18052029609680177,"y":0.0005609020008705556,"z":0.000024579672754043713,"w":-0.9836245179176331},"size":13.537932395935059,"orthographic":false}