{"cameraMode":{"drawMode":0,"name":"Shaded","section":"Shading Mode"},"sceneLighting":false,"audioPlay":false,"sceneViewState":{"showFog":true,"showMaterialUpdate":false,"showSkybox":false,"showFlares":true,"showImageEffects":true,"showParticleSystems":true},"in2DMode":false,"pivot":{"x":33.669193267822269,"y":1125.269775390625,"z":-83.79448699951172},"rotation":{"x":-0.09058389067649842,"y":0.6700015068054199,"z":0.0827498808503151,"w":0.7322176694869995},"size":13.537867546081543,"orthographic":false}