{"cameraMode":{"drawMode":0,"name":"Shaded","section":"Shading Mode"},"sceneLighting":false,"audioPlay":false,"sceneViewState":{"showFog":true,"showMaterialUpdate":false,"showSkybox":true,"showFlares":true,"showImageEffects":true,"showParticleSystems":true},"in2DMode":false,"pivot":{"x":1293.604248046875,"y":-229.8050537109375,"z":601.0507202148438},"rotation":{"x":0.2975376844406128,"y":0.49043750762939455,"z":-0.18276873230934144,"w":0.7984771132469177},"size":1914.8712158203125,"orthographic":false}