{"cameraMode":{"drawMode":0,"name":"Shaded","section":"Shading Mode"},"sceneLighting":false,"audioPlay":false,"sceneViewState":{"showFog":true,"showMaterialUpdate":false,"showSkybox":true,"showFlares":true,"showImageEffects":true,"showParticleSystems":true},"in2DMode":false,"pivot":{"x":25.537153244018556,"y":1033.535400390625,"z":54.549652099609378},"rotation":{"x":0.14936399459838868,"y":-0.8385986089706421,"z":0.2794094979763031,"w":0.44430428743362429},"size":4.823038578033447,"orthographic":false}