{"cameraMode":{"drawMode":0,"name":"Shaded","section":"Shading Mode"},"sceneLighting":false,"audioPlay":false,"sceneViewState":{"showFog":true,"showMaterialUpdate":false,"showSkybox":false,"showFlares":true,"showImageEffects":true,"showParticleSystems":true},"in2DMode":false,"pivot":{"x":-18.716873168945314,"y":-7.364601135253906,"z":114.49529266357422},"rotation":{"x":-0.10152062028646469,"y":0.009248245507478714,"z":-0.0009435606189072132,"w":-0.9947923421859741},"size":22.0,"orthographic":false}