{"cameraMode":{"drawMode":0,"name":"Shaded","section":"Shading Mode"},"sceneLighting":false,"audioPlay":false,"sceneViewState":{"showFog":true,"showMaterialUpdate":false,"showSkybox":true,"showFlares":true,"showImageEffects":true,"showParticleSystems":true},"in2DMode":false,"pivot":{"x":-24.4373779296875,"y":1009.3841552734375,"z":-36.50020217895508},"rotation":{"x":0.24550673365592957,"y":0.2128239870071411,"z":-0.05534360930323601,"w":0.9441336989402771},"size":2.8578836917877199,"orthographic":false}