{"cameraMode":{"drawMode":0,"name":"Shaded","section":"Shading Mode"},"sceneLighting":false,"audioPlay":false,"sceneViewState":{"showFog":true,"showMaterialUpdate":false,"showSkybox":false,"showFlares":true,"showImageEffects":true,"showParticleSystems":true},"in2DMode":false,"pivot":{"x":-0.11715216189622879,"y":0.19887417554855348,"z":0.9744230508804321},"rotation":{"x":-0.14314694702625276,"y":0.028495758771896364,"z":-0.004122928250581026,"w":-0.989285409450531},"size":2.8578836917877199,"orthographic":false}